year,co2_ppm,baseline_temperature_c,temperature_cap_c,controlled_temperature_c,sai_command_magnitude_wm2,sai_realized_forcing_wm2
2026,424.954328466289,1.418041717312451,,1.418041717312451,0.0,-0.0
2027,427.2904353896449,1.4388117390799384,,1.4388117390799384,0.0,-0.0
2028,429.4160328675757,1.461399447368212,,1.461399447368212,0.0,-0.0
2029,431.3201831115328,1.4823276602293245,,1.4823276602293245,0.0,-0.0
2030,432.86418875476886,1.4994159994856238,,1.4994159994856238,0.0,-0.0
2031,434.10814080086806,1.520312932066729,,1.520312932066729,0.0,-0.0
2032,434.9978544833465,1.5258914700314634,,1.5258914700314634,0.0,-0.0
2033,435.49192537517297,1.53270616963478,,1.53270616963478,0.0,-0.0
2034,435.5730564640198,1.5608361203059384,,1.5608361203059384,0.0,-0.0
2035,435.3780330932249,1.582357815583918,1.582357815583918,1.582357815583918,0.0,-0.0
2036,434.842405141618,1.596301730923325,1.5590635029605613,1.596301730923325,0.19065972716934992,-0.0
2037,434.00094666893256,1.6164329265295925,1.5357691903372046,1.5898050463721662,0.28113217025453524,-0.186395161101983
2038,432.8301457453754,1.6315844440663705,1.512474877713848,1.5733330668626002,0.32254681852133876,-0.27195745162351775
2039,431.34475655586846,1.638721735889319,1.489180565090491,1.5519017138805593,0.339388154582727,-0.31052765370931834
2040,429.65532755681954,1.63718039154189,1.4658862524671343,1.5272798140914654,0.3401174461489606,-0.3261069348835174
2041,427.77932192916313,1.6342795072483456,1.4425919398437776,1.5074065556296112,0.3650004708507732,-0.32678020816652564
2042,425.7985784969926,1.6274670825461526,1.419297627220421,1.4848804409261835,0.3767113980951097,-0.34968427964445253
2043,423.7098143103413,1.6138510680695322,1.3960033145970643,1.4581949734605533,0.3672186229473604,-0.36041854520737265
2044,421.5911651990637,1.626630481761692,1.3727090019737076,1.4625972263482103,0.5164880374273694,-0.3517196617645573
2045,419.5242997546436,1.627749280735828,1.3494146893503507,1.438274172158568,0.5220074675329278,-0.4863450682498293
2046,417.53831947187575,1.6452627316272816,1.326120376726994,1.436441298442314,0.6425531726742805,-0.4912360040412591
2047,415.6373187856733,1.643732255875141,1.3028260641036373,1.4056416341002147,0.6173642824801564,-0.5965549774612011
2048,413.7778641844761,1.6621235635717289,1.2795317514802806,1.4056775481329296,0.749152911358832,-0.574782276736954
2049,411.979850399778,1.6650059387085867,1.2562374388569237,1.3789435401540084,0.746679166736661,-0.687360350436937
2050,410.23648256218377,1.664820952843025,1.2329431262335673,1.3573061728689295,0.7698874590242922,-0.6852772933323835
2051,408.5386340414906,1.6695039495554145,1.2096488136102104,1.3433822546939218,0.8327874441960836,-0.7047757020887152
2052,406.88430793220033,1.6529015792525132,1.1863545009868537,1.305539496758071,0.7743474171261586,-0.7571245826602818
2053,405.3032435615028,1.6516036507530931,1.163060188363497,1.2954940810305977,0.856483968725628,-0.7085113454808386
2054,403.75459919260106,1.6441477356402894,1.1397658757401403,1.2716989850570597,0.8698120250927517,-0.7766603155916698
2055,402.2464798368389,1.6413975488637036,1.1164715631167836,1.2552462084926246,0.9206726628324605,-0.7876039397555727
2056,400.7803925175034,1.634200194916776,1.093177250493427,1.2318962439703118,0.9370406825549064,-0.8290757746914527
2057,399.3432294167048,1.6593339665020026,1.0698829378700703,1.243116242332609,1.13040023401868,-0.8423254920719649
2058,397.9360424111924,1.6479353680632047,1.0465886252467134,1.1994535106123,1.0469019247777906,-0.9953790312369727
2059,396.5494862075801,1.6383776145437985,1.023294312623357,1.1754502359758874,1.0616158255148131,-0.9300601175154701
2060,395.1944846615793,1.640600579495743,1.0,1.1652014669842388,1.1466677197114632,-0.9416547547386009
2061,393.88413474850427,1.6349396693185456,1.0,1.1406814459882317,1.0409493882500158,-1.0079708090179793
2062,392.61469815942473,1.6284659034259523,1.0,1.1319636591091486,1.0131960929476982,-0.9253591440595715
2063,391.3446889834331,1.6322210001412716,1.0,1.1369097150279104,1.054355538344856,-0.903362134700273
2064,390.11180502822367,1.621348774743478,1.0,1.1219355758884444,0.9941171117541394,-0.9359381497379258
2065,388.8763099925097,1.6312175655417591,1.0,1.1353278022155167,1.0773175796553627,-0.8881643824739868
2066,387.6671914423072,1.608671469366462,1.0,1.105631897441715,0.9415138834793602,-0.9539878357125079
2067,386.471679704188,1.6162239745688676,1.0,1.1231020245361396,1.04363676189582,-0.8459383583992808
2068,385.2990773095997,1.6054374454579314,1.0,1.107580354444798,0.9789380539724877,-0.9274822173340805
2069,384.1513233445322,1.6038459742724485,1.0,1.1095869055915313,1.0021212383771378,-0.8760287127754742
2070,383.005141989489,1.618897378797833,1.0,1.12431035658701,1.0906557361449731,-0.8945477968599213
2071,381.88758935964506,1.6167009818494489,1.0,1.1115924054246897,1.0404570689843342,-0.964432124676822
2072,380.79312032615286,1.6097038448177765,1.0,1.1022697240159034,1.006116028822311,-0.9249700710958587
2073,379.6927647632014,1.611090264224374,1.0,1.1055507516047536,1.0351872569591323,-0.8977296107155871
2074,378.6113306762912,1.5981683025349305,1.0,1.0904108991153723,0.9703373024060703,-0.9208028515834358
2075,377.5376584582351,1.5972885054118042,1.0,1.0949977260115777,1.0046711640084869,-0.8691348289625487
2076,376.5064825939023,1.600223092769705,1.0,1.097696436489218,1.029888288775395,-0.8965791034320013
2077,375.4632157099621,1.5848700940207447,1.0,1.0790181565583878,0.9459790679082503,-0.9166078464058345
2078,374.4357568950009,1.5776007646238084,1.0,1.0786167620163676,0.953406106640113,-0.8495412761597123
2079,373.43703329766106,1.5803209789754984,1.0,1.085195143323288,0.9965214303735099,-0.8555264137668459
2080,372.3991638632354,1.5807998849049425,1.0,1.0832645894332176,0.9968604116551437,-0.8900830145198515
2081,371.40526603606384,1.5866632847653874,1.0,1.087054827700157,1.02625818231386,-0.8903534400438603
2082,370.4218177199178,1.5840908702702956,1.0,1.0793534767777715,0.9967673838888574,-0.9137312782277769
2083,369.4439618392154,1.5799391744121785,1.0,1.0745369786633097,0.9726848933165483,-0.8902792282196825
2084,368.4625182049772,1.575386492528476,1.0,1.071971633913504,0.9598581695675196,-0.8710177915934065
2085,367.4917176069188,1.5643946140600498,1.0,1.0636206113201863,0.9181030566009313,-0.8607180942340974
2086,366.53040513345206,1.557822587543178,1.0,1.0635156225600606,0.917578112800303,-0.8269914511147737
2087,365.58099573094046,1.552475855364848,1.0,1.0626701071272477,0.9133505356362387,-0.8265655030706905
2088,364.6353045137353,1.5562644142877171,1.0,1.0699635167041182,0.9498175835205908,-0.8231334142586516
2089,363.7002816304295,1.5569321342639957,1.0,1.068710248019056,0.94355124009528,-0.8526357699267819
2090,362.77216868852986,1.5454286131764363,1.0,1.0562733868910592,0.881366934455296,-0.8475827136316267
2091,361.84675838354826,1.547215704318033,1.0,1.0643419608142946,0.9217098040714727,-0.7970660184649436
2092,360.9310576440207,1.5590443820853013,1.0,1.0758001401330621,0.9790007006653106,-0.8299167189060487
2093,360.0260321339677,1.56559601844547,1.0,1.0752393727064578,0.9761968635322887,-0.8760788801631715
2094,359.12832422499355,1.567876830753401,1.0,1.0724127447423482,0.9620637237117408,-0.8738329100117205
2095,358.2262956841787,1.5657364371386708,1.0,1.0679218146468341,0.9396090732341705,-0.8624911500172578
2096,357.3286250314057,1.566750310849376,1.0,1.0695560772796333,0.9477803863981665,-0.8444003280705326
2097,356.43715435255547,1.5592072305200937,1.0,1.061271709853419,0.906358549267095,-0.8509937627269887
2098,355.5446643612121,1.5460522067652935,1.0,1.0521193723920688,0.8605968619603438,-0.8174501927691343
2099,354.66863836261075,1.5243613224660029,1.0,1.038440985863728,0.7922049293186401,-0.7800407838649157
2100,353.79757260164183,1.538508412530982,1.0,1.0662692920318273,0.9313464601591365,-0.723432147705825
2101,352.921426913506,1.536351122898738,1.0,1.0575166136601861,0.8875830683009306,-0.8377213972119829
2102,352.0679851778796,1.531933358476127,1.0,1.0531509027440502,0.865754513720251,-0.8021464729756689
2103,351.1946385594372,1.5333716665399073,1.0,1.0569521953908347,0.8847609769541737,-0.7842756877226214
2104,350.3355384096521,1.5411993223240286,1.0,1.0640515858158368,0.920257929079184,-0.7998408231792998
2105,349.48378952677666,1.542589162161556,1.0,1.0605594183503193,0.9027970917515965,-0.8287394437671022
2106,348.6552659245392,1.5303498132773157,1.0,1.0465679589097603,0.8328397945488014,-0.8145520636539507
2107,347.83320827956925,1.5285622022835097,1.0,1.0514777031038869,0.8573885155194344,-0.7571678523208946
2108,347.0208914164592,1.5082734527584991,1.0,1.0329540601454337,0.7647703007271683,-0.7774040400196802
2109,346.1939509380624,1.50331163340197,1.0,1.0400494116718835,0.8002470583594173,-0.7004850786194824
2110,345.36222769420567,1.5053301740022125,1.0,1.0464025895308104,0.8320129476540522,-0.7301326752862297
2111,344.5359334938229,1.5070920748429102,1.0,1.0473534945828078,0.836767472914039,-0.7564843725362762
2112,343.7200931959244,1.499418822064934,1.0,1.0383280714204828,0.7916403571024139,-0.7604128265997988
2113,342.92032016491413,1.4995923543872445,1.0,1.0426674056820793,0.8133370284103963,-0.7229613147014368
2114,342.111342955904,1.4913531251082404,1.0,1.0346855272971036,0.773427636485518,-0.741013757141075
2115,341.2949734558657,1.496089972358969,1.0,1.0441685844706026,0.8208429223530128,-0.7077412403165546
2116,340.50201088711805,1.480334145900421,1.0,1.026035207532379,0.7301760376618954,-0.7472390191335947
2117,339.72150961948483,1.471446881923218,1.0,1.0260685165585532,0.7303425827927662,-0.6713514671614425
2118,338.9234936751794,1.4720376711831138,1.0,1.0329498309702778,0.7647491548513891,-0.671492256150859
2119,338.13814810374447,1.4485023504820884,1.0,1.0096772378277572,0.648386189138786,-0.7004673382592201
2120,337.3559786540178,1.4384565944217984,1.0,1.0137743321113928,0.6688716605569639,-0.6015794892397218
2121,336.5758836900945,1.459685157408357,1.0,1.0426194931565795,0.8130974657828977,-0.619173914438111
2122,335.8141633999215,1.4408164233724186,1.0,1.0117598398573204,0.6587991992866021,-0.7408148996778273
2123,335.0321679386846,1.4445371479015807,1.0,1.0251996286448983,0.7259981432244916,-0.6105329639518551
2124,334.26597808027714,1.4422618938312246,1.0,1.0216581336087251,0.7082906680436257,-0.6678179888356961
2125,333.5089023615733,1.4478871070256676,1.0,1.02834968616176,0.7417484308088002,-0.6528055394471164
2126,332.7493794235512,1.4220007688727447,1.0,0.9990395127956424,0.5999711853838693,-0.6811218988494677
2127,331.9961437209261,1.4150957512961462,1.0,1.006835630898195,0.6341781544909747,-0.5596764184768732
2128,331.24172736522786,1.411818421022885,1.0,1.0098779603234993,0.6493898016174965,-0.5893293765240165
2129,330.490961165181,1.4029449725458862,1.0,1.003591757894041,0.6179587894702049,-0.6024433347043626
2130,329.74220366136643,1.3976592862654664,1.0,1.0039308064866086,0.619654032433043,-0.5752975669065201
2131,328.99506609094794,1.3906528930354027,1.0,1.0006771333004494,0.6033856665022469,-0.5767665464773803
2132,328.25666767408546,1.3920512795622937,1.0,1.0066962289872516,0.6334811449362582,-0.5626465247045627
2133,327.5360921759892,1.4073095485349112,1.0,1.0214681520668738,0.707340760334369,-0.5887274186310838
2134,326.8225786129552,1.3977660158486147,1.0,1.0024086526800398,0.6120432634001988,-0.6519985429237396
2135,326.08065099936607,1.4003069669295494,1.0,1.009584353840086,0.6479217692004297,-0.5701672224954087
2136,325.37731756317453,1.3844035359245612,1.0,0.9924991364826494,0.5997749740944794,-0.6011796809052892
2137,324.6538632860047,1.3802280036443932,1.0,0.9932919779540444,0.5995737334331008,-0.559505673961745
2138,323.9428422026162,1.364745412987865,1.0,0.9813302218632616,0.5990136400889986,-0.5593305450582512
2139,323.23800539570215,1.3649788162362868,1.0,0.9840787886534526,0.5985360037486022,-0.55884308445784
2140,322.53232577448034,1.3396661549662416,1.0,0.9605416448059407,0.5973522530927803,-0.5584273395638228
2141,321.8386978781396,1.3305548464821126,1.0,0.9527573735994361,0.5959349743007634,-0.5573967859764177
2142,321.1399807413744,1.3377212484765155,1.0,0.9609551973619254,0.5947636302216212,-0.5561625672726057
2143,320.45198606793633,1.3166991753626025,1.0,0.9407203267596169,0.5929852400244097,-0.5551422218432842
2144,319.7635784409158,1.3178432538674425,1.0,0.9425507835441699,0.5912617635307348,-0.5535925730478672
2145,319.0638488247669,1.325747485042977,1.0,0.9510624945099071,0.5897936383660322,-0.5520901855242083
2146,318.38381900747527,1.32454802160015,1.0,0.9503825248523452,0.5883051141116025,-0.5508099348997131
2147,317.70910934547896,1.305765971119425,1.0,0.932059633931781,0.5862669031295559,-0.5495114654641406
2148,317.03256645606484,1.2955224761157094,1.0,0.9223010389272626,0.5839359342973738,-0.5477327903225654
2149,316.3604132387955,1.2976693290970491,1.0,0.924989232609051,0.5816856112756453,-0.5456976390154882
2150,315.680385445181,1.280067516810807,1.0,0.9079610257778526,0.5789244420489809,-0.5437318893074233
2151,315.0209026776864,1.256280785757974,1.0,0.8848364407130398,0.575469535270372,-0.5413185381300554
2152,314.35940488110043,1.2639546180938477,1.0,0.8933249546707133,0.5722692839104935,-0.5382967309207117
2153,313.7197960089384,1.2748310299977506,1.0,0.9050968206946866,0.5694221885313341,-0.5354955643338632
2154,313.06230356889847,1.2634828642879434,1.0,0.8946602981833194,0.5662619974768336,-0.5330018209276753
2155,312.6155514674147,1.2752497862894046,1.0,0.9073914078567287,0.5634837397125355,-0.5302319716310109
2156,312.1742286704877,1.2793991435488614,1.0,0.9124969529529734,0.5608586483011248,-0.5277952544583678
2157,311.84633188836415,1.2661154455278436,1.0,0.9001459588128056,0.5578630270655089,-0.5254914756536597
2158,311.8932269365416,1.2719811517053463,1.0,0.906975271117223,0.5550722851990256,-0.5228608581388593
2159,311.9273476001471,1.260027630875699,1.0,0.8959836916396888,0.5519517959482163,-0.520408560902548
2160,311.95454737836326,1.2394744373652378,1.0,0.8764341887429135,0.5482448216105036,-0.5176646818468936
2161,312.00719763098823,1.2296278807267764,1.0,0.8676970670881815,0.5442757336231491,-0.5144025945671686
2162,312.0825532910606,1.225769052162351,1.0,0.8650594156367909,0.5402275160922527,-0.5109068308051997
2163,312.19141695562496,1.2211355241761173,1.0,0.861740275496703,0.5360797243571538,-0.5073381524990457
2164,312.2620316414223,1.2375879235703315,1.0,0.8795894467472347,0.5324674077595709,-0.5036783163950271
2165,312.2564786882802,1.2382628942697895,1.0,0.8816556191386424,0.5289170763337302,-0.5004881710717806
2166,312.19521639926955,1.2474273672481997,1.0,0.8922013304321994,0.5256831162466962,-0.4973502326196028
2167,312.16429303601217,1.254278606959493,1.0,0.9003884542480424,0.5226947698741374,-0.49448972810032493
2168,312.1350135535085,1.2479490481653652,1.0,0.8953324858120576,0.5195547444484991,-0.4918446168179579
2169,312.1034401230786,1.2412332700427888,1.0,0.8898658452141206,0.5162507198049228,-0.4890633240095117
2170,312.07250060847025,1.2303023685238434,1.0,0.8801887460456164,0.5126563821862913,-0.4861346370490797
2171,312.02636463111736,1.2101701714394657,1.0,0.8613522638858725,0.5084969501028674,-0.4829461321579372
2172,311.98638423894323,1.211615536447789,1.0,0.8641973458201306,0.5044228704774714,-0.479253101264431
2173,311.952239523276,1.2186313804356477,1.0,0.8726797452269152,0.5006032628342788,-0.47563248223944576
2174,311.923320406924,1.210505260365846,1.0,0.8660384766954282,0.4965844171351417,-0.4722349783178329
2175,311.88076305002346,1.2096888326537976,1.0,0.8667475106381552,0.49258684245428636,-0.4686570807419612
2176,311.8477396452747,1.221222236482537,1.0,0.879835231779702,0.4889818994076774,-0.46509488778821884
2177,311.80222716808737,1.2170855258328228,1.0,0.877225805590466,0.4852986735753914,-0.46187979620227504
2178,311.75502713775063,1.2228592328263157,1.0,0.8845190025101284,0.48183424365069527,-0.458592172795052
2179,311.7312013602398,1.2138433874399,1.0,0.876990936414046,0.4781439717431166,-0.455497337820271
2180,311.6882537147985,1.216832029400247,1.0,0.8814749512345503,0.47458822028015313,-0.45219807756455827
2181,311.6519648984156,1.1974790597905471,1.0,0.8636075403216279,0.47049644648980193,-0.44901646904943515
2182,311.5981521548988,1.1877756637547283,1.0,0.8554529801517643,0.46616003589435484,-0.44535205913841697
2183,311.55294460175446,1.186669547480903,1.0,0.8559750698271583,0.4618392879891696,-0.44146484380239254
2184,311.28326131456,1.1776909741462955,1.0,0.8486825411178796,0.457299764222706,-0.4375878563102459
2185,311.0135780273655,1.1899009438041892,1.0,0.862650843584756,0.45317928953024866,-0.43351045666802235
2186,310.743894740171,1.1735375865428586,1.0,0.848046785494695,0.44862069309508956,-0.42980579912806804
2187,310.47421145297653,1.164713436333028,1.0,0.8410410777417392,0.4438519254273417,-0.4257031822919761
2188,310.20452816578205,1.178164803461181,1.0,0.8563832276560082,0.439543422257022,-0.42140685609159717
2189,309.9348448785876,1.1719575146149068,1.0,0.8520623702509194,0.43510529336454956,-0.41752117967549907
2190,309.6651615913931,1.174047168533159,1.0,0.8560542035660827,0.4307869194715321,-0.4135146060855823
2191,309.3954783041986,1.172254473516678,1.0,0.856161906195325,0.42647177665739183,-0.409612247669376
2192,309.1257950170041,1.171969208407866,1.0,0.8577775047306195,0.42220510179931037,-0.40570896584121546
2193,308.85611172980964,1.1503895843674403,1.0,0.838094980669549,0.41734795121939683,-0.40184574305672427
2194,308.5864284426152,1.1570216161510054,1.0,0.8467000112065621,0.4127489515555937,-0.3974432938878013
2195,308.3167451554207,1.1454866132129011,1.0,0.8371621168711797,0.4078638150617291,-0.39327032198626244
2196,308.0470618682262,1.1442510765019351,1.0,0.8379806682464654,0.4030032351091231,-0.38883291016247834
2197,307.7773785810317,1.1448924744869218,1.0,0.840716827008573,0.39822473991938023,-0.38441287904442145
2198,307.50769529383723,1.1376389130139313,1.0,0.8355793514307246,0.393292120462302,-0.38006269573970014
2199,307.23801200664275,1.1546192142450702,1.0,0.8547137207231204,0.3889335320839956,-0.3755672057359049
2200,306.96832871944827,1.1440303852865124,1.0,0.8462341901554531,0.38432055778865926,-0.3715906446542271
2201,306.6986454322538,1.1446513733916197,1.0,0.8489673381580904,0.37978957793340196,-0.36737766317690995
2202,306.4289621450593,1.155834223191824,1.0,0.8622560170378502,0.37565725844453746,-0.3632352236593083
2203,306.1592788578648,1.13649159486928,1.0,0.8449647266022449,0.3710062002426048,-0.35945350046191943
2204,305.88959557067034,1.1238496715490505,1.0,0.8344045084277915,0.3660383354954385,-0.3551927545368732
2205,305.61991228347586,1.107047000651718,1.0,0.8197494328868011,0.3606308184820426,-0.35063675614547724
2206,305.3502289962814,1.0980634619721226,1.0,0.8130215378261094,0.3550214646168259,-0.3456716370352372
2207,305.0805457090869,1.1018068686006872,1.0,0.8191283484787928,0.3495953150711897,-0.34051466289546745
2208,304.8108624218924,1.101054492728847,1.0,0.8207964280600655,0.34421920791299165,-0.3355197779720588
2209,304.5411791346979,1.0995737160439234,1.0,0.8217737316623321,0.3388724198628616,-0.33056479757861995
2210,304.27149584750345,1.101347797853131,1.0,0.8260321033126118,0.33365338296223995,-0.3256307463818803
2211,304.00181256030896,1.0784366566049362,1.0,0.8056101457150655,0.32782168733369194,-0.32080871345872775
2212,303.7321292731145,1.0875369298647073,1.0,0.8172868217974104,0.32234029198761427,-0.31541375116006687
2213,303.46244598592,1.091566659942663,1.0,0.8239129491164314,0.3170576804611072,-0.31033622756278356
2214,303.1927626987255,1.085957401421504,1.0,0.8208910656046511,0.3116844124292467,-0.3054367522765808
2215,302.92307941153103,1.0816042375763113,1.0,0.8191334395452959,0.3062584156156056,-0.30044705285309287
2216,302.6533961243365,1.0815300229378273,1.0,0.8216704322765747,0.3009085285839028,-0.2954020904719098
2217,302.38371283714207,1.0652853188288494,1.0,0.8080409501413859,0.2951497570881444,-0.2904216851502138
2218,302.1140295499476,1.0655477859706848,1.0,0.8109787469687728,0.2894791194972076,-0.28505373230646575
2219,301.8443462627531,1.0453399180197072,1.0,0.7934810751895522,0.28328355175289416,-0.27976092591671625
2220,301.5746629755586,1.0419268196192302,1.0,0.7928765451727324,0.2770698481080761,-0.27397020154086005
2221,301.30497968836414,1.0377633273316658,1.0,0.7915987595954188,0.27081781089593865,-0.2681541563439442
2222,301.03529640116966,1.0436477206815689,1.0,0.8004333031791019,0.2648308099913117,-0.26229375251190407
2223,300.7656131139752,1.0482313151730138,1.0,0.8079815966593538,0.25907025789109234,-0.25667379452247985
2224,300.4959298267807,1.050067444825334,1.0,0.8127656926169006,0.25345322866959935,-0.2512590095237199
2225,300.2262465395862,1.0523183198135777,1.0,0.8179360440478411,0.24799130999103458,-0.2459721368013906
2226,299.95656325239173,1.0439647981117632,1.0,0.8124632825824367,0.24236520846850768,-0.24082462041952285
2227,299.68687996519725,1.02203024309224,1.0,0.7934062793838031,0.23616739685002178,-0.23551551640089904
2228,299.4171966780028,1.0224682355048484,1.0,0.7967995846115457,0.23007138438836816,-0.22965884505791262
2229,299.1475133908083,0.9998138210269912,1.0,0.7771464358055395,0.22338577746253435,-0.22389009976394333
2230,298.8778301036138,0.9938588530133337,1.0,0.7743091701484478,0.2166150525669878,-0.2175539621456588
2231,298.6081468164193,1.0009817691877734,1.0,0.7846495075088884,0.21015453779225443,-0.21112705674750684
2232,298.33846352922484,1.013499000133379,1.0,0.8004180909503704,0.20416708052076554,-0.2049851116256954
2233,298.0687802420304,1.0011024600127223,1.0,0.7912366065905199,0.19790417871848112,-0.1992845979734464
2234,297.7990969548359,1.0118543790715029,1.0,0.8052178762232409,0.19206071500517835,-0.1933132780550184
2235,297.5294136676414,0.992683547293275,1.0,0.7892328231848865,0.18573769970072493,-0.1877339568472385
2236,297.2597303804469,0.9957223177170348,1.0,0.7954942785991297,0.17960252805869883,-0.18168813925495056
2237,296.99004709325243,0.982994944853032,1.0,0.785994012127857,0.17318234842253455,-0.1758133455004972
2238,296.72036380605795,0.9715642949985442,1.0,0.7778359503126608,0.16651742693191438,-0.169656565725223
2239,296.45068051886346,0.9740319072443075,1.0,0.7836461874253663,0.16002681255467535,-0.16325524571790442
2240,296.180997231669,0.9585347964288888,1.0,0.771522175501697,0.15317247781972626,-0.15701168305391972
2241,295.9113139444745,0.9598054824862452,1.0,0.776241645509156,0.14645972718500094,-0.15040787617052917
2242,295.64163065728,0.9521178459703368,1.0,0.7720419523828902,0.13962098575648765,-0.14393013105759334
2243,295.37194737008554,0.9625618709427868,1.0,0.7860233926887841,0.13320168753715117,-0.13732025109777568
2244,295.102264082891,0.9603191365841994,1.0,0.7872996683299158,0.12682067758704865,-0.13110606169741768
2245,294.8325807956965,0.9551032221504928,1.0,0.7855874925915283,0.12038830236479449,-0.12491959112421623
2246,294.56289750850203,0.96038546853153,1.0,0.7943728865123161,0.11421948896016397,-0.1186738688914855
2247,294.29321422130755,0.9458522556310264,1.0,0.7833091531305889,0.10771876355408165,-0.11267512552938533
2248,294.02353093411307,0.9323618821607736,1.0,0.7733132244962055,0.10091816028896781,-0.10634413253789601
2249,293.7538476469186,0.9217739435468936,1.0,0.7662831258892857,0.09390665406564638,-0.09971064648838801
2250,293.4841643597241,0.9151076136284788,1.0,0.7632538102173995,0.08680426837216837,-0.09286023083680858
2251,293.2144810725296,0.9179949210417414,1.0,0.7698521889032404,0.07989983403926558,-0.0859093921404425
2252,292.94479778533514,0.8985214769318757,1.0,0.7541197716413242,0.07252342718850531,-0.07914103140625882
2253,292.67511449814066,0.9075168461737148,1.0,0.76694794871177,0.06553186564985841,-0.0718977149451242
2254,292.4054312109462,0.909960645906582,1.0,0.7732412287523396,0.058729102512428605,-0.06502055545332484
2255,292.1357479237517,0.8972586248935395,1.0,0.7643780376292179,0.05166044364130514,-0.058318106108590756
2256,291.8660646365572,0.9004605228001994,1.0,0.7714522343441375,0.044804010671629264,-0.05134216058609942
2257,291.5963813493628,0.8988273474269766,1.0,0.7736895636459378,0.0380146975810074,-0.04456441095037382
2258,291.32669806216825,0.9043949579064168,1.0,0.7831205995275854,0.03150831556683496,-0.03784207099484245
2259,291.05701477497377,0.8911350086428469,1.0,0.7736824879998578,0.0247187902068307,-0.03138963143729262
2260,290.7873314877793,0.8775954614959186,1.0,0.7639782303109361,0.017638137116158782,-0.024645684825306647
2261,290.5176482005848,0.8580775431482127,1.0,0.7483504447856231,0.010088650459727474,-0.017600883500572945
2262,290.2479649133903,0.8607712996669254,1.0,0.7550448686500325,0.0027399965192284504,-0.010076451524051408
2263,289.97828162619584,0.8578564140310707,1.0,0.7561865399923355,0.0,-0.0027390959056387766
2264,289.70859833900136,0.8537015828627892,1.0,0.7554742364742706,0.0,-0.0
2265,289.4389150518069,0.8477667382585411,1.0,0.7521454253133324,0.0,-0.0
2266,289.1692317646124,0.8439376304480752,1.0,0.7503146295931268,0.0,-0.0
2267,288.8995484774179,0.8578082031153491,1.0,0.7657418727456355,0.0,-0.0
2268,288.6298651902234,0.8560982930226491,1.0,0.7652675591998074,0.0,-0.0
2269,288.36018190302894,0.8521632076770196,1.0,0.7623345246160859,0.0,-0.0
2270,288.09049861583446,0.845063026599254,1.0,0.7560663916186787,0.0,-0.0
2271,287.82081532864,0.8295144738910788,1.0,0.7412260154521609,0.0,-0.0
2272,287.5511320414455,0.823533179459407,1.0,0.7358625169413103,0.0,-0.0
2273,287.281448754251,0.8075274633223359,1.0,0.7204085308395185,0.0,-0.0
2274,287.01176546705653,0.8139924808277745,1.0,0.727376865769721,0.0,-0.0
2275,286.74208217986205,0.8069910358390258,1.0,0.7208431429731635,0.0,-0.0
2276,286.4723988926676,0.8187702593807165,1.0,0.7330638002233179,0.0,-0.0
2277,286.2027156054731,0.8075386404371049,1.0,0.722254084702781,0.0,-0.0
2278,285.9330323182786,0.82056514235986,1.0,0.7356878678322322,0.0,-0.0
2279,285.6633490310841,0.8052629379873021,1.0,0.7207818874087014,0.0,-0.0
2280,285.39366574388964,0.7864904178982429,1.0,0.7023971239300092,0.0,-0.0
2281,285.1239824566952,0.7788808353910754,1.0,0.6951687127748165,0.0,-0.0
2282,284.8542991695007,0.7933768092765676,1.0,0.7100406409700455,0.0,-0.0
2283,284.5846158823062,0.7806847626717031,1.0,0.6977203268006749,0.0,-0.0
2284,284.3149325951117,0.7774426686238839,1.0,0.6948464676593491,0.0,-0.0
2285,284.04524930791723,0.7730114114376958,1.0,0.6907804755837347,0.0,-0.0
2286,283.77556602072275,0.7688110310886682,1.0,0.6869427755435085,0.0,-0.0
2287,283.50588273352827,0.7823458390850164,1.0,0.7008379604114179,0.0,-0.0
2288,283.2361994463338,0.7650485788827011,1.0,0.6838989797697933,0.0,-0.0
2289,282.9665161591393,0.7653395679112966,1.0,0.6845463025472327,0.0,-0.0
2290,282.6968328719448,0.7569483626451737,1.0,0.6765095970522468,0.0,-0.0
2291,282.42714958475034,0.7456664053015896,1.0,0.6655803885333871,0.0,-0.0
2292,282.15746629755586,0.7446613962350541,1.0,0.6649264394589465,0.0,-0.0
2293,281.8877830103614,0.7369062933821078,1.0,0.6575207546861321,0.0,-0.0
2294,281.6180997231669,0.7309553340855097,1.0,0.6519176074409149,0.0,-0.0
2295,281.3484164359724,0.7258898939011693,1.0,0.6471984011417989,0.0,-0.0
2296,281.0787331487779,0.7336647028385561,1.0,0.6553178878303404,0.0,-0.0
2297,280.80904986158345,0.7441214499199655,1.0,0.6661177743203586,0.0,-0.0
2298,280.53936657438896,0.7305120587293599,1.0,0.6528499989010318,0.0,-0.0
2299,280.2696832871945,0.7401221760619758,1.0,0.6628002208244714,0.0,-0.0
2300,280.0,0.7254579069638252,1.0,0.6484745559535792,0.0,-0.0
